code,system
1569966,ICD10CM
1569966,ICD10CM
1569966,ICD10CM
1569966,ICD10CM
1570039,ICD10CM
1570106,ICD10CM
1570039,ICD10CM
1570106,ICD10CM
1570039,ICD10CM
1570106,ICD10CM
1570039,ICD10CM
1570106,ICD10CM
1570082,ICD10CM
1570114,ICD10CM
1570082,ICD10CM
1570114,ICD10CM
44834973,ICD10CM
44834973,ICD10CM
1570082,ICD10CM
1570114,ICD10CM
1570082,ICD10CM
1570114,ICD10CM
44834973,ICD10CM
44834973,ICD10CM
1570090,ICD10CM
1570090,ICD10CM
44836170,ICD10CM
44836170,ICD10CM
4035427,ICD10CM
4116447,ICD10CM
4344494,ICD10CM
78230,ICD10CM
4116447,ICD10CM
78230,ICD10CM
4035427,ICD10CM
4344494,ICD10CM
1570090,ICD10CM
1570090,ICD10CM
44836170,ICD10CM
44836170,ICD10CM
4035427,ICD10CM
4116447,ICD10CM
4344494,ICD10CM
78230,ICD10CM
4116447,ICD10CM
78230,ICD10CM
4035427,ICD10CM
4344494,ICD10CM
1570098,ICD10CM
1570098,ICD10CM
44834974,ICD10CM
44834974,ICD10CM
4083557,ICD10CM
72705,ICD10CM
72705,ICD10CM
4083557,ICD10CM
1570098,ICD10CM
1570098,ICD10CM
44834974,ICD10CM
44834974,ICD10CM
4083557,ICD10CM
72705,ICD10CM
72705,ICD10CM
4083557,ICD10CM
35208755,ICD10CM
35208755,ICD10CM
4253901,ICD10CM
4253901,ICD10CM
35208755,ICD10CM
35208755,ICD10CM
4253901,ICD10CM
4253901,ICD10CM
44821123,ICD10CM
44821123,ICD10CM
81097,ICD10CM
81097,ICD10CM
44821123,ICD10CM
44821123,ICD10CM
81097,ICD10CM
81097,ICD10CM
44821124,ICD10CM
44821124,ICD10CM
75622,ICD10CM
75622,ICD10CM
44821124,ICD10CM
44821124,ICD10CM
75622,ICD10CM
75622,ICD10CM
44825676,ICD10CM
44826867,ICD10CM
44832628,ICD10CM
44832629,ICD10CM
44837334,ICD10CM
44825676,ICD10CM
44826867,ICD10CM
44837334,ICD10CM
44832628,ICD10CM
44832629,ICD10CM
44825676,ICD10CM
44826867,ICD10CM
44832628,ICD10CM
44832629,ICD10CM
44837334,ICD10CM
44825676,ICD10CM
44826867,ICD10CM
44837334,ICD10CM
44832628,ICD10CM
44832629,ICD10CM
44826868,ICD10CM
44826868,ICD10CM
37395590,ICD10CM
4116150,ICD10CM
4116151,ICD10CM
4179378,ICD10CM
4116150,ICD10CM
4116151,ICD10CM
4179378,ICD10CM
37395590,ICD10CM
44826868,ICD10CM
44826868,ICD10CM
37395590,ICD10CM
4116150,ICD10CM
4116151,ICD10CM
4179378,ICD10CM
4116150,ICD10CM
4116151,ICD10CM
4179378,ICD10CM
37395590,ICD10CM
44831487,ICD10CM
44831487,ICD10CM
80809,ICD10CM
80809,ICD10CM
44831487,ICD10CM
44831487,ICD10CM
80809,ICD10CM
80809,ICD10CM
44837332,ICD10CM
44837332,ICD10CM
44837332,ICD10CM
44837332,ICD10CM
44837333,ICD10CM
44837333,ICD10CM
75621,ICD10CM
75621,ICD10CM
44837333,ICD10CM
44837333,ICD10CM
75621,ICD10CM
75621,ICD10CM
4035611,ICD10CM
4132809,ICD10CM
4035611,ICD10CM
4132809,ICD10CM
4035611,ICD10CM
4132809,ICD10CM
4035611,ICD10CM
4132809,ICD10CM
4035612,ICD10CM
4079732,ICD10CM
4079732,ICD10CM
4035612,ICD10CM
4035612,ICD10CM
4079732,ICD10CM
4079732,ICD10CM
4035612,ICD10CM
40483795,ICD10CM
72714,ICD10CM
72714,ICD10CM
40483795,ICD10CM
40483795,ICD10CM
72714,ICD10CM
72714,ICD10CM
40483795,ICD10CM
4083556,ICD10CM
4132810,ICD10CM
4083556,ICD10CM
4132810,ICD10CM
4083556,ICD10CM
4132810,ICD10CM
4083556,ICD10CM
4132810,ICD10CM
4083558,ICD10CM
4083558,ICD10CM
4083558,ICD10CM
4083558,ICD10CM
4103516,ICD10CM
4103516,ICD10CM
4103516,ICD10CM
4103516,ICD10CM
4114439,ICD10CM
4114439,ICD10CM
4114439,ICD10CM
4114439,ICD10CM
4114440,ICD10CM
4116443,ICD10CM
4116443,ICD10CM
4114440,ICD10CM
4114440,ICD10CM
4116443,ICD10CM
4116443,ICD10CM
4114440,ICD10CM
4114441,ICD10CM
4114441,ICD10CM
4114441,ICD10CM
4114441,ICD10CM
4114442,ICD10CM
4114442,ICD10CM
4114442,ICD10CM
4114442,ICD10CM
4114444,ICD10CM
4114444,ICD10CM
4114444,ICD10CM
4114444,ICD10CM
4115050,ICD10CM
4115050,ICD10CM
4115050,ICD10CM
4115050,ICD10CM
4115051,ICD10CM
4115051,ICD10CM
4115051,ICD10CM
4115051,ICD10CM
4115161,ICD10CM
4115161,ICD10CM
4115161,ICD10CM
4115161,ICD10CM
4116148,ICD10CM
4116148,ICD10CM
4116148,ICD10CM
4116148,ICD10CM
4116149,ICD10CM
4116149,ICD10CM
4116149,ICD10CM
4116149,ICD10CM
4116152,ICD10CM
4116152,ICD10CM
4116152,ICD10CM
4116152,ICD10CM
4116153,ICD10CM
4116153,ICD10CM
4116153,ICD10CM
4116153,ICD10CM
4116439,ICD10CM
4116439,ICD10CM
4116439,ICD10CM
4116439,ICD10CM
4116440,ICD10CM
4116440,ICD10CM
4116440,ICD10CM
4116440,ICD10CM
4116441,ICD10CM
4116441,ICD10CM
4116441,ICD10CM
4116441,ICD10CM
4116442,ICD10CM
4116442,ICD10CM
4116442,ICD10CM
4116442,ICD10CM
4116444,ICD10CM
4116444,ICD10CM
4116444,ICD10CM
4116444,ICD10CM
4116445,ICD10CM
4117687,ICD10CM
4116445,ICD10CM
4117687,ICD10CM
4116445,ICD10CM
4117687,ICD10CM
4116445,ICD10CM
4117687,ICD10CM
4116446,ICD10CM
4116446,ICD10CM
4116446,ICD10CM
4116446,ICD10CM
4117686,ICD10CM
4117686,ICD10CM
4117686,ICD10CM
4117686,ICD10CM
4147418,ICD10CM
4147418,ICD10CM
4147418,ICD10CM
4147418,ICD10CM
4162539,ICD10CM
4162539,ICD10CM
4162539,ICD10CM
4162539,ICD10CM
4179536,ICD10CM
4179536,ICD10CM
4179536,ICD10CM
4179536,ICD10CM
4200987,ICD10CM
4200987,ICD10CM
4200987,ICD10CM
4200987,ICD10CM
4269880,ICD10CM
4269880,ICD10CM
4269880,ICD10CM
4269880,ICD10CM
4271003,ICD10CM
4271003,ICD10CM
4271003,ICD10CM
4271003,ICD10CM
4297651,ICD10CM
4297651,ICD10CM
4297651,ICD10CM
4297651,ICD10CM
4311391,ICD10CM
4311391,ICD10CM
4311391,ICD10CM
4311391,ICD10CM
4343936,ICD10CM
4343936,ICD10CM
4343936,ICD10CM
4343936,ICD10CM
4347065,ICD10CM
4347065,ICD10CM
4347065,ICD10CM
4347065,ICD10CM